{
  "buildCommand": "npm run build",
  "devCommand": "npm run dev",
  "installCommand": "npm install",
  "framework": "nextjs",
  "functions": {
    "app/api/**/*.ts": {
      "runtime": "nodejs20.x",
      "maxDuration": 30
    }
  },
  "env": {
    "GOOGLE_GENERATIVE_AI_API_KEY": "@google_generative_ai_api_key"
  },
  "build": {
    "env": {
      "GOOGLE_GENERATIVE_AI_API_KEY": "@google_generative_ai_api_key"
    }
  },
  "headers": [
    {
      "source": "/api/(.*)",
      "headers": [
        {
          "key": "Access-Control-Allow-Origin",
          "value": "*"
        },
        {
          "key": "Access-Control-Allow-Methods",
          "value": "GET, POST, PUT, DELETE, OPTIONS"
        },
        {
          "key": "Access-Control-Allow-Headers",
          "value": "Content-Type, Authorization"
        }
      ]
    }
  ]
}
